<?xml version="1.0" encoding="UTF-8"?>
<!DOCTYPE mapper
  PUBLIC "-//mybatis.org//DTD Mapper 3.0//EN" 
  "http://mybatis.org/dtd/mybatis-3-mapper.dtd">
<mapper namespace="sql">
	<select id="test" resultType="hashmap">
		select '테스트' as data
	</select>
	<insert id="addUser" parameterType="hashmap">
		insert into test (email, pw) values (#{email}, #{pw})
	</insert>
	<select id="login" parameterType="hashmap" resultType="hashmap">
		select * 
			from test
		where
			del_yn = 'N' and
		 	email = #{email} 
			and pw = #{pw}
	</select>
	<update id="upUser" parameterType="hashmap">
		update test
		set email = #{email}
			,pw	  = #{pw}
			,name = #{name}
		where no  = #{no}
	</update>
	<update id="out" parameterType="hashmap">
		update test
		set del_yn = 'Y'
		where no  = #{no}
	</update>
</mapper>